{
    "Central Park": [
        40.7825233,
        -73.9656329
    ],
    "Robert Lehman Collection Library": [
        40.7798358,
        -73.9642177
    ],
    "Great Lawn Softball Field #1": [
        40.780742,
        -73.9674009
    ],
    "Shakespeare Garden": [
        40.7797752,
        -73.9698578
    ],
    "The Central Park Turtle Pond": [
        40.7790847,
        -73.9670039
    ],
    "Petrie Court Cafe": [
        40.779109,
        -73.9644397
    ],
    "South Gate House": [
        40.7822774,
        -73.9624871
    ],
    "Summit Rock": [
        40.7832117,
        -73.9700509
    ],
    "Seneca Village Site": [
        40.7840093,
        -73.9689223
    ],
    "Bridge No. 27": [
        40.7844967,
        -73.966224
    ],
    "Tanner spring": [
        40.782423,
        -73.9699393
    ],
    "Oak Bridge": [
        40.7787429,
        -73.9717096
    ],
    "Pinetum Playground": [
        40.7828781,
        -73.9668087
    ],
    "The Beresford": [
        40.7824719,
        -73.9722482
    ],
    "Cedar Hill": [
        40.7772474,
        -73.9661676
    ],
    "Noi Due Cafe": [
        40.7849526,
        -73.9730634
    ],
    "Dino Store": [
        40.7808389,
        -73.9730614
    ]
}